model,true_negatives,false_positives,false_negatives,true_positives,accuracy,precision,recall,specificity,f1_score
XGBoost,8960,0,0,3040,1.0,1.0,1.0,1.0,1.0
Random_Forest,8960,0,1,3039,0.9999166666666667,1.0,0.999671052631579,1.0,0.9998354992597467
Voting_Classifier,8659,301,147,2893,0.9626666666666667,0.9057608015028178,0.9516447368421053,0.96640625,0.9281360282322746
K_Nearest_Neighbors,8727,233,399,2641,0.9473333333333334,0.91892832289492,0.86875,0.9739955357142858,0.8931349340547853
Decision_Tree,8257,703,263,2777,0.9195,0.7979885057471264,0.9134868421052632,0.9215401785714286,0.851840490797546
Gradient_Boosting,8418,542,1051,1989,0.86725,0.785855393125247,0.6542763157894737,0.9395089285714285,0.7140549273021001
Logistic_Regression,6626,2334,790,2250,0.7396666666666667,0.4908376963350785,0.7401315789473685,0.7395089285714286,0.5902413431269675
SGD_Classifier,3823,5137,411,2629,0.5376666666666666,0.3385269121813031,0.8648026315789473,0.42667410714285714,0.48658152878030725
Naive_Bayes,8539,421,2362,678,0.7680833333333333,0.6169244767970883,0.22302631578947368,0.9530133928571428,0.32761536603044217
