accuracy,precision,recall,f1_score,balanced_accuracy,matthews_corrcoef,roc_auc,precision_fraud,recall_fraud,f1_fraud,model_name,training_time,cv_roc_auc_mean,cv_roc_auc_std,scalability_score,deployment_score
0.7396666666666667,0.7914724824962206,0.7396666666666667,0.7537551314654757,0.7398202537593985,0.42933815477519544,0.7889943976151316,0.4908376963350785,0.7401315789473685,0.5902413431269675,Logistic_Regression,0.09747004508972168,0.7954023685311913,0.0023734644839638053,9,0.779688349237575
0.9999166666666667,0.999916675966224,0.9999166666666667,0.9999166621374882,0.9998355263157894,0.9997797230651685,1.0,1.0,0.999671052631579,0.9998354992597467,Random_Forest,0.8380508422851562,1.0,0.0,7,0.9699421039044043
0.9473333333333334,0.9468166522317798,0.9473333333333334,0.9468358803708078,0.9213727678571428,0.8588229533971595,0.9797376130756579,0.91892832289492,0.86875,0.8931349340547853,K_Nearest_Neighbors,0.3712270259857178,0.949186341708764,0.0017745076803336035,4,0.9002203629129342
0.7680833333333333,0.7411684318988913,0.7680833333333333,0.7250367433058972,0.5880198543233083,0.2654418660171663,0.780289884868421,0.6169244767970883,0.22302631578947368,0.3276153660304421,Naive_Bayes,0.008445024490356445,0.7865138233156133,0.0024154456576010452,9,0.7372309478037992
0.9195,0.9257752414872376,0.9195,0.9212030997739749,0.9175135103383458,0.8003536066374165,0.977151613163769,0.7979885057471264,0.9134868421052632,0.851840490797546,Decision_Tree,0.26326584815979004,0.9758622569607613,0.0059208920127467035,6,0.9107242772653692
1.0,1.0,1.0,1.0,1.0,1.0,1.0,1.0,1.0,1.0,XGBoost,0.14835286140441895,0.9999995410890508,4.1301985431729804e-07,8,0.98
0.5376666666666666,0.7599468933312459,0.5376666666666666,0.5559650114939318,0.6457383693609022,0.2652898158859238,0.7589430730145676,0.3385269121813031,0.8648026315789473,0.48658152878030725,SGD_Classifier,0.2851450443267822,0.7851019378891565,0.004920300935444044,10,0.699514406526187
0.86725,0.8628746852994773,0.86725,0.8630188267402881,0.7968926221804511,0.6330267563911013,0.9139565282835996,0.785855393125247,0.6542763157894737,0.7140549273021002,Gradient_Boosting,8.140116453170776,0.914846028492863,0.0016727831847685448,6,0.8438667837716165
0.9626666666666667,0.96366184077923,0.9626666666666667,0.9629659866215746,0.9590254934210527,0.9034430929541326,0.9972042777843044,0.9057608015028178,0.9516447368421053,0.9281360282322746,Voting_Classifier,1.1810719966888428,0.9968494524274553,0.0010948284407307218,5,0.9295766057844048
